/*
 Navicat Premium Data Transfer

 Source Server         : localhost
 Source Server Type    : MySQL
 Source Server Version : 50719 (5.7.19-log)
 Source Host           : localhost:3306
 Source Schema         : mall_swarm

 Target Server Type    : MySQL
 Target Server Version : 50719 (5.7.19-log)
 File Encoding         : 65001

 Date: 05/06/2024 10:48:56
*/

SET NAMES utf8mb4;
SET FOREIGN_KEY_CHECKS = 0;

-- ----------------------------
-- Table structure for pms_product
-- ----------------------------
DROP TABLE IF EXISTS `pms_product`;
CREATE TABLE `pms_product`  (
  `id` bigint(20) NOT NULL AUTO_INCREMENT,
  `brand_id` bigint(20) NULL DEFAULT NULL,
  `product_category_id` bigint(20) NULL DEFAULT NULL,
  `feight_template_id` bigint(20) NULL DEFAULT NULL,
  `product_attribute_category_id` bigint(20) NULL DEFAULT NULL,
  `name` varchar(200) CHARACTER SET utf8 COLLATE utf8_general_ci NOT NULL,
  `pic` varchar(255) CHARACTER SET utf8 COLLATE utf8_general_ci NULL DEFAULT NULL,
  `product_sn` varchar(64) CHARACTER SET utf8 COLLATE utf8_general_ci NOT NULL COMMENT '货号',
  `delete_status` int(1) NULL DEFAULT NULL COMMENT '删除状态：0->未删除；1->已删除',
  `publish_status` int(1) NULL DEFAULT NULL COMMENT '上架状态：0->下架；1->上架',
  `new_status` int(1) NULL DEFAULT NULL COMMENT '新品状态:0->不是新品；1->新品',
  `recommand_status` int(1) NULL DEFAULT NULL COMMENT '推荐状态；0->不推荐；1->推荐',
  `verify_status` int(1) NULL DEFAULT NULL COMMENT '审核状态：0->未审核；1->审核通过',
  `sort` int(11) NULL DEFAULT NULL COMMENT '排序',
  `sale` int(11) NULL DEFAULT NULL COMMENT '销量',
  `price` decimal(10, 2) NULL DEFAULT NULL,
  `promotion_price` decimal(10, 2) NULL DEFAULT NULL COMMENT '促销价格',
  `gift_growth` int(11) NULL DEFAULT 0 COMMENT '赠送的成长值',
  `gift_point` int(11) NULL DEFAULT 0 COMMENT '赠送的积分',
  `use_point_limit` int(11) NULL DEFAULT NULL COMMENT '限制使用的积分数',
  `sub_title` varchar(255) CHARACTER SET utf8 COLLATE utf8_general_ci NULL DEFAULT NULL COMMENT '副标题',
  `description` text CHARACTER SET utf8 COLLATE utf8_general_ci NULL COMMENT '商品描述',
  `original_price` decimal(10, 2) NULL DEFAULT NULL COMMENT '市场价',
  `stock` int(11) NULL DEFAULT NULL COMMENT '库存',
  `low_stock` int(11) NULL DEFAULT NULL COMMENT '库存预警值',
  `unit` varchar(16) CHARACTER SET utf8 COLLATE utf8_general_ci NULL DEFAULT NULL COMMENT '单位',
  `weight` decimal(10, 2) NULL DEFAULT NULL COMMENT '商品重量，默认为克',
  `preview_status` int(1) NULL DEFAULT NULL COMMENT '是否为预告商品：0->不是；1->是',
  `service_ids` varchar(64) CHARACTER SET utf8 COLLATE utf8_general_ci NULL DEFAULT NULL COMMENT '以逗号分割的产品服务：1->无忧退货；2->快速退款；3->免费包邮',
  `keywords` varchar(255) CHARACTER SET utf8 COLLATE utf8_general_ci NULL DEFAULT NULL,
  `note` varchar(255) CHARACTER SET utf8 COLLATE utf8_general_ci NULL DEFAULT NULL,
  `album_pics` varchar(255) CHARACTER SET utf8 COLLATE utf8_general_ci NULL DEFAULT NULL COMMENT '画册图片，连产品图片限制为5张，以逗号分割',
  `detail_title` varchar(255) CHARACTER SET utf8 COLLATE utf8_general_ci NULL DEFAULT NULL,
  `detail_desc` text CHARACTER SET utf8 COLLATE utf8_general_ci NULL,
  `detail_html` text CHARACTER SET utf8 COLLATE utf8_general_ci NULL COMMENT '产品详情网页内容',
  `detail_mobile_html` text CHARACTER SET utf8 COLLATE utf8_general_ci NULL COMMENT '移动端网页详情',
  `promotion_start_time` datetime NULL DEFAULT NULL COMMENT '促销开始时间',
  `promotion_end_time` datetime NULL DEFAULT NULL COMMENT '促销结束时间',
  `promotion_per_limit` int(11) NULL DEFAULT NULL COMMENT '活动限购数量',
  `promotion_type` int(1) NULL DEFAULT NULL COMMENT '促销类型：0->没有促销使用原价;1->使用促销价；2->使用会员价；3->使用阶梯价格；4->使用满减价格；5->限时购',
  `brand_name` varchar(255) CHARACTER SET utf8 COLLATE utf8_general_ci NULL DEFAULT NULL COMMENT '品牌名称',
  `product_category_name` varchar(255) CHARACTER SET utf8 COLLATE utf8_general_ci NULL DEFAULT NULL COMMENT '商品分类名称',
  PRIMARY KEY (`id`) USING BTREE
) ENGINE = InnoDB AUTO_INCREMENT = 46 CHARACTER SET = utf8 COLLATE = utf8_general_ci COMMENT = '商品信息' ROW_FORMAT = DYNAMIC;

-- ----------------------------
-- Records of pms_product
-- ----------------------------
INSERT INTO `pms_product` VALUES (1, 49, 7, 0, 0, '银色星芒刺绣网纱底裤', 'http://macro-oss.oss-cn-shenzhen.aliyuncs.com/mall/images/20180522/web.png', 'No86577', 1, 1, 1, 1, 1, 100, 0, 100.00, NULL, 0, 100, NULL, '111', '111', 120.00, 100, 20, '件', 1000.00, 0, NULL, '银色星芒刺绣网纱底裤', '银色星芒刺绣网纱底裤', NULL, '银色星芒刺绣网纱底裤', '银色星芒刺绣网纱底裤', '银色星芒刺绣网纱底裤', '银色星芒刺绣网纱底裤', NULL, NULL, NULL, 0, '七匹狼', '外套');
INSERT INTO `pms_product` VALUES (2, 49, 7, 0, 0, '银色星芒刺绣网纱底裤2', 'http://macro-oss.oss-cn-shenzhen.aliyuncs.com/mall/images/20180522/web.png', 'No86578', 1, 1, 1, 1, 1, 1, 0, 100.00, NULL, 0, 100, NULL, '111', '111', 120.00, 100, 20, '件', 1000.00, 0, NULL, '银色星芒刺绣网纱底裤2', '银色星芒刺绣网纱底裤', NULL, '银色星芒刺绣网纱底裤', '银色星芒刺绣网纱底裤', '<p>银色星芒刺绣网纱底裤</p>', '<p>银色星芒刺绣网纱底裤</p>', NULL, NULL, NULL, 0, '七匹狼', '外套');
INSERT INTO `pms_product` VALUES (3, 1, 7, 0, 0, '银色星芒刺绣网纱底裤3', 'http://macro-oss.oss-cn-shenzhen.aliyuncs.com/mall/images/20180522/web.png', 'No86579', 1, 1, 1, 1, 1, 1, 0, 100.00, NULL, 0, 100, NULL, '111', '111', 120.00, 100, 20, '件', 1000.00, 0, NULL, '银色星芒刺绣网纱底裤3', '银色星芒刺绣网纱底裤', NULL, '银色星芒刺绣网纱底裤', '银色星芒刺绣网纱底裤', '银色星芒刺绣网纱底裤', '银色星芒刺绣网纱底裤', NULL, NULL, NULL, 0, '万和', '外套');
INSERT INTO `pms_product` VALUES (4, 1, 7, 0, 0, '银色星芒刺绣网纱底裤4', 'http://macro-oss.oss-cn-shenzhen.aliyuncs.com/mall/images/20180522/web.png', 'No86580', 1, 1, 1, 1, 1, 1, 0, 100.00, NULL, 0, 100, NULL, '111', '111', 120.00, 100, 20, '件', 1000.00, 0, NULL, '银色星芒刺绣网纱底裤4', '银色星芒刺绣网纱底裤', NULL, '银色星芒刺绣网纱底裤', '银色星芒刺绣网纱底裤', '银色星芒刺绣网纱底裤', '银色星芒刺绣网纱底裤', NULL, NULL, NULL, 0, '万和', '外套');
INSERT INTO `pms_product` VALUES (5, 1, 7, 0, 0, '银色星芒刺绣网纱底裤5', 'http://macro-oss.oss-cn-shenzhen.aliyuncs.com/mall/images/20180522/web.png', 'No86581', 1, 0, 1, 1, 1, 1, 0, 100.00, NULL, 0, 100, NULL, '111', '111', 120.00, 100, 20, '件', 1000.00, 0, NULL, '银色星芒刺绣网纱底裤5', '银色星芒刺绣网纱底裤', NULL, '银色星芒刺绣网纱底裤', '银色星芒刺绣网纱底裤', '银色星芒刺绣网纱底裤', '银色星芒刺绣网纱底裤', NULL, NULL, NULL, 0, '万和', '外套');
INSERT INTO `pms_product` VALUES (6, 1, 7, 0, 0, '银色星芒刺绣网纱底裤6', 'http://macro-oss.oss-cn-shenzhen.aliyuncs.com/mall/images/20180522/web.png', 'No86582', 1, 1, 1, 1, 1, 1, 0, 100.00, NULL, 0, 100, NULL, '111', '111', 120.00, 100, 20, '件', 1000.00, 0, NULL, '银色星芒刺绣网纱底裤6', '银色星芒刺绣网纱底裤', NULL, '银色星芒刺绣网纱底裤', '银色星芒刺绣网纱底裤', '银色星芒刺绣网纱底裤', '银色星芒刺绣网纱底裤', NULL, NULL, NULL, 0, '万和', '外套');
INSERT INTO `pms_product` VALUES (7, 1, 7, 0, 1, '女式超柔软拉毛运动开衫', 'http://macro-oss.oss-cn-shenzhen.aliyuncs.com/mall/images/20180522/web.png', 'No86577', 1, 0, 0, 0, 0, 0, 0, 249.00, 0.00, 0, 100, 0, '匠心剪裁，垂感质地', '匠心剪裁，垂感质地', 299.00, 100, 0, '件', 0.00, 0, 'string', '女式超柔软拉毛运动开衫', 'string', 'string', 'string', 'string', 'string', 'string', '2018-04-26 10:41:03', '2018-04-26 10:41:03', 0, 0, '万和', '外套');
INSERT INTO `pms_product` VALUES (8, 1, 7, 0, 1, '女式超柔软拉毛运动开衫1', 'http://macro-oss.oss-cn-shenzhen.aliyuncs.com/mall/images/20180522/web.png', 'No86577', 1, 0, 0, 0, 0, 0, 0, 249.00, 0.00, 0, 100, 0, '匠心剪裁，垂感质地', '匠心剪裁，垂感质地', 299.00, 100, 0, '件', 0.00, 0, 'string', '女式超柔软拉毛运动开衫', 'string', 'string', 'string', 'string', 'string', 'string', '2018-04-26 10:41:03', '2018-04-26 10:41:03', 0, 0, '万和', '外套');
INSERT INTO `pms_product` VALUES (9, 1, 7, 0, 1, '女式超柔软拉毛运动开衫1', 'http://macro-oss.oss-cn-shenzhen.aliyuncs.com/mall/images/20180522/web.png', 'No86577', 1, 0, 0, 0, 0, 0, 0, 249.00, 0.00, 0, 100, 0, '匠心剪裁，垂感质地', '匠心剪裁，垂感质地', 299.00, 100, 0, '件', 0.00, 0, 'string', '女式超柔软拉毛运动开衫', 'string', 'string', 'string', 'string', 'string', 'string', '2018-04-26 10:41:03', '2018-04-26 10:41:03', 0, 0, '万和', '外套');
INSERT INTO `pms_product` VALUES (10, 1, 7, 0, 1, '女式超柔软拉毛运动开衫1', 'http://macro-oss.oss-cn-shenzhen.aliyuncs.com/mall/images/20180522/web.png', 'No86577', 1, 0, 0, 0, 0, 0, 0, 249.00, 0.00, 0, 100, 0, '匠心剪裁，垂感质地', '匠心剪裁，垂感质地', 299.00, 100, 0, '件', 0.00, 0, 'string', '女式超柔软拉毛运动开衫', 'string', 'string', 'string', 'string', 'string', 'string', '2018-04-26 10:41:03', '2018-04-26 10:41:03', 0, 0, '万和', '外套');
INSERT INTO `pms_product` VALUES (11, 1, 7, 0, 1, '女式超柔软拉毛运动开衫1', 'http://macro-oss.oss-cn-shenzhen.aliyuncs.com/mall/images/20180522/web.png', 'No86577', 1, 1, 0, 1, 0, 0, 0, 249.00, 0.00, 0, 100, 0, '匠心剪裁，垂感质地', '匠心剪裁，垂感质地', 299.00, 100, 0, '件', 0.00, 0, 'string', '女式超柔软拉毛运动开衫', 'string', 'string', 'string', 'string', 'string', 'string', '2018-04-26 10:41:03', '2018-04-26 10:41:03', 0, 0, '万和', '外套');
INSERT INTO `pms_product` VALUES (12, 1, 7, 0, 1, '女式超柔软拉毛运动开衫2', 'http://macro-oss.oss-cn-shenzhen.aliyuncs.com/mall/images/20180522/web.png', 'No86577', 1, 1, 0, 1, 0, 0, 0, 249.00, 0.00, 0, 100, 0, '匠心剪裁，垂感质地', '匠心剪裁，垂感质地', 299.00, 100, 0, '件', 0.00, 0, 'string', '女式超柔软拉毛运动开衫', 'string', 'string', 'string', 'string', 'string', 'string', '2018-04-26 10:41:03', '2018-04-26 10:41:03', 0, 0, '万和', '外套');
INSERT INTO `pms_product` VALUES (13, 1, 7, 0, 1, '女式超柔软拉毛运动开衫3', 'http://macro-oss.oss-cn-shenzhen.aliyuncs.com/mall/images/20180522/web.png', 'No86577', 1, 1, 0, 1, 0, 0, 0, 249.00, 0.00, 0, 100, 0, '匠心剪裁，垂感质地', '匠心剪裁，垂感质地', 299.00, 100, 0, '件', 0.00, 0, 'string', '女式超柔软拉毛运动开衫', 'string', 'string', 'string', 'string', 'string', 'string', '2018-04-26 10:41:03', '2018-04-26 10:41:03', 0, 0, '万和', '外套');
INSERT INTO `pms_product` VALUES (14, 1, 7, 0, 1, '女式超柔软拉毛运动开衫3', 'http://macro-oss.oss-cn-shenzhen.aliyuncs.com/mall/images/20180522/web.png', 'No86577', 1, 0, 0, 1, 0, 0, 0, 249.00, 0.00, 0, 100, 0, '匠心剪裁，垂感质地', '匠心剪裁，垂感质地', 299.00, 100, 0, '件', 0.00, 0, 'string', '女式超柔软拉毛运动开衫', 'string', 'string', 'string', 'string', 'string', 'string', '2018-04-26 10:41:03', '2018-04-26 10:41:03', 0, 0, '万和', '外套');
INSERT INTO `pms_product` VALUES (18, 1, 7, 0, 1, '女式超柔软拉毛运动开衫3', 'http://macro-oss.oss-cn-shenzhen.aliyuncs.com/mall/images/20180522/web.png', 'No86577', 1, 0, 0, 1, 0, 0, 0, 249.00, 0.00, 0, 100, 0, '匠心剪裁，垂感质地', '匠心剪裁，垂感质地', 299.00, 100, 0, '件', 0.00, 0, 'string', '女式超柔软拉毛运动开衫', 'string', 'string', 'string', 'string', 'string', 'string', '2018-04-26 10:41:03', '2018-04-26 10:41:03', 0, 0, '万和', '外套');
INSERT INTO `pms_product` VALUES (22, 6, 7, 0, 1, 'test', 'http://macro-oss.oss-cn-shenzhen.aliyuncs.com/mall/images/20180604/1522738681.jpg', '', 1, 1, 0, 0, 0, 0, 0, 0.00, NULL, 0, 0, 0, 'test', '', 0.00, 100, 0, '', 0.00, 1, '1,2', '', '', '', '', '', '', '', NULL, NULL, 0, 0, '小米', '外套');
INSERT INTO `pms_product` VALUES (23, 6, 19, 0, 1, '毛衫测试', 'http://macro-oss.oss-cn-shenzhen.aliyuncs.com/mall/images/20180604/1522738681.jpg', 'NO.1098', 1, 1, 1, 1, 0, 0, 0, 99.00, NULL, 99, 99, 1000, '毛衫测试11', 'xxx', 109.00, 100, 0, '件', 1000.00, 1, '1,2,3', '毛衫测试', '毛衫测试', 'http://macro-oss.oss-cn-shenzhen.aliyuncs.com/mall/images/20180604/1522738681.jpg,http://macro-oss.oss-cn-shenzhen.aliyuncs.com/mall/images/20180604/1522738681.jpg', '毛衫测试', '毛衫测试', '<p><img class=\"wscnph\" src=\"http://macro-oss.oss-cn-shenzhen.aliyuncs.com/mall/images/20180604/155x54.bmp\" /><img class=\"wscnph\" src=\"http://macro-oss.oss-cn-shenzhen.aliyuncs.com/mall/images/20180604/APP登录bg1080.jpg\" width=\"500\" height=\"500\" /><img class=\"wscnph\" src=\"http://macro-oss.oss-cn-shenzhen.aliyuncs.com/mall/images/20180604/APP登录界面.jpg\" width=\"500\" height=\"500\" /></p>', '', NULL, NULL, 0, 2, '小米', '手机数码');
INSERT INTO `pms_product` VALUES (24, 6, 7, 0, NULL, 'xxx', '', '', 1, 0, 0, 0, 0, 0, 0, 0.00, NULL, 0, 0, 0, 'xxx', '', 0.00, 100, 0, '', 0.00, 0, '', '', '', '', '', '', '', '', NULL, NULL, 0, 0, '小米', '外套');
INSERT INTO `pms_product` VALUES (26, 3, 19, 0, 3, '华为 HUAWEI P20 ', 'http://macro-oss.oss-cn-shenzhen.aliyuncs.com/mall/images/20180607/5ac1bf58Ndefaac16.jpg', '6946605', 0, 1, 1, 1, 0, 100, 100, 3788.00, 3659.00, 3788, 3788, 0, 'AI智慧全面屏 6GB +64GB 亮黑色 全网通版 移动联通电信4G手机 双卡双待手机 双卡双待', '', 4288.00, 1000, 0, '件', 0.00, 1, '2,3,1', '', '', 'http://macro-oss.oss-cn-shenzhen.aliyuncs.com/mall/images/20180607/5ab46a3cN616bdc41.jpg,http://macro-oss.oss-cn-shenzhen.aliyuncs.com/mall/images/20180607/5ac1bf5fN2522b9dc.jpg', '', '', '<p><img class=\"wscnph\" src=\"http://macro-oss.oss-cn-shenzhen.aliyuncs.com/mall/images/20180607/5ad44f1cNf51f3bb0.jpg\" /><img class=\"wscnph\" src=\"http://macro-oss.oss-cn-shenzhen.aliyuncs.com/mall/images/20180607/5ad44fa8Nfcf71c10.jpg\" /><img class=\"wscnph\" src=\"http://macro-oss.oss-cn-shenzhen.aliyuncs.com/mall/images/20180607/5ad44fa9N40e78ee0.jpg\" /><img class=\"wscnph\" src=\"http://macro-oss.oss-cn-shenzhen.aliyuncs.com/mall/images/20180607/5ad457f4N1c94bdda.jpg\" /><img class=\"wscnph\" src=\"http://macro-oss.oss-cn-shenzhen.aliyuncs.com/mall/images/20180607/5ad457f5Nd30de41d.jpg\" /><img class=\"wscnph\" src=\"http://macro-oss.oss-cn-shenzhen.aliyuncs.com/mall/images/20180607/5b10fb0eN0eb053fb.jpg\" /></p>', '<p><img src=\"//img20.360buyimg.com/vc/jfs/t1/81293/35/5822/369414/5d3fe77cE619c5487/6e775a52850feea5.jpg!q70.dpg.webp\" alt=\"\" width=\"750\" height=\"776\" /></p>\n<p><img src=\"//img20.360buyimg.com/vc/jfs/t1/45300/25/11592/3658871/5d85ef66E92a8a911/083e47d8f662c582.jpg!q70.dpg.webp\" alt=\"\" width=\"596\" height=\"16383\" /></p>', '2023-01-10 15:49:38', '2023-01-31 00:00:00', 0, 1, '华为', '手机通讯');
INSERT INTO `pms_product` VALUES (27, 6, 19, 0, 3, '小米8 全面屏游戏智能手机 6GB+64GB 黑色 全网通4G 双卡双待', 'http://macro-oss.oss-cn-shenzhen.aliyuncs.com/mall/images/20180615/xiaomi.jpg', '7437788', 0, 1, 1, 1, 0, 0, 99, 2699.00, NULL, 2699, 2699, 0, '骁龙845处理器，红外人脸解锁，AI变焦双摄，AI语音助手小米6X低至1299，点击抢购', '小米8 全面屏游戏智能手机 6GB+64GB 黑色 全网通4G 双卡双待', 2699.00, 100, 0, '', 0.00, 0, '1', '', '', '', '', '', '<p style=\"text-align: center;\"><img src=\"//img30.360buyimg.com/popWareDetail/jfs/t1/95935/9/19330/159477/5e9ecc13E5b8db8ae/8e954021a0835fb7.jpg!q70.dpg.webp\" /><img src=\"//img30.360buyimg.com/popWareDetail/jfs/t1/99224/22/19596/137593/5e9ecc13E34ef2113/2b362b90d8378ee1.jpg!q70.dpg.webp\" /><img src=\"//img30.360buyimg.com/popWareDetail/jfs/t1/93131/25/19321/107691/5e9ecc13E41e8addf/202a5f84d9129878.jpg!q70.dpg.webp\" /><img src=\"//img30.360buyimg.com/popWareDetail/jfs/t1/101843/19/19533/66831/5e9ecc13Ecb7f9d53/4fdd807266583c1e.jpg!q70.dpg.webp\" /><img src=\"//img30.360buyimg.com/popWareDetail/jfs/t1/99629/36/19016/59882/5e9ecc13E1f5beef5/1e5af3528f366e70.jpg!q70.dpg.webp\" /><img src=\"//img30.360buyimg.com/popWaterMark/jfs/t1/72343/29/8945/84548/5d6e5c67Ea07b1125/702791816b90eb3d.jpg!q70.dpg.webp\" /><img src=\"//img30.360buyimg.com/popWaterMark/jfs/t1/65403/35/9017/129532/5d6e5c68E3f2d0546/9ec771eb6e04a75a.jpg!q70.dpg.webp\" /><img src=\"//img30.360buyimg.com/popWaterMark/jfs/t1/58261/33/9380/106603/5d6e5c68E05a99177/2b5b9e29eed05b08.jpg!q70.dpg.webp\" /><img src=\"//img30.360buyimg.com/popWaterMark/jfs/t1/51968/40/9688/113552/5d6e5c68E5052b312/8969d83124cb78a4.jpg!q70.dpg.webp\" /><img src=\"//img30.360buyimg.com/popWaterMark/jfs/t1/75491/9/9101/146883/5d6e5c68E3db89775/c1aa57e78ded4e44.jpg!q70.dpg.webp\" /><img src=\"//img30.360buyimg.com/popWaterMark/jfs/t1/75063/11/9107/127874/5d6e5c68E0b1dfc61/10dd6000ce213375.jpg!q70.dpg.webp\" /><img src=\"//img30.360buyimg.com/popWaterMark/jfs/t1/47452/25/9579/108279/5d6e5c68Ea9002f3b/865b5d32ffd9da75.jpg!q70.dpg.webp\" /><img src=\"//img30.360buyimg.com/popWaterMark/jfs/t1/82146/26/9077/87075/5d6e5c68Ef63bccc8/556de5665a35a3f2.jpg!q70.dpg.webp\" /><img src=\"//img30.360buyimg.com/popWaterMark/jfs/t1/82804/21/9019/124404/5d6e5c69E06a8f575/0f861f8c4636c546.jpg!q70.dpg.webp\" /><img src=\"//img30.360buyimg.com/popWaterMark/jfs/t1/46044/10/9734/107686/5d6e5c69Edd5e66c7/a8c7b9324e271dbd.jpg!q70.dpg.webp\" /><img src=\"//img30.360buyimg.com/popWaterMark/jfs/t1/40729/32/13755/45997/5d6e5c69Eafee3664/6a3457a4efdb79c5.jpg!q70.dpg.webp\" /><img src=\"//img30.360buyimg.com/popWaterMark/jfs/t1/76254/34/9039/96195/5d6e5c69E3c71c809/49033c0b7024c208.jpg!q70.dpg.webp\" /><img src=\"//img30.360buyimg.com/popWaterMark/jfs/t1/79825/20/9065/90864/5d6e5c69E1e62ef89/a4d3ce383425a666.jpg!q70.dpg.webp\" /><img src=\"//img30.360buyimg.com/popWaterMark/jfs/t1/49939/21/9618/106207/5d6e5c6aEf7b1d4fd/0f5e963c66be3d0c.jpg!q70.dpg.webp\" /><img src=\"//img30.360buyimg.com/popWaterMark/jfs/t1/64035/7/9001/115159/5d6e5c6aE6919dfdf/39dfe4840157ad81.jpg!q70.dpg.webp\" /><img src=\"//img30.360buyimg.com/popWaterMark/jfs/t1/53389/3/9616/99637/5d6e5c6aEa33b9f35/b8f6aa26e72616a3.jpg!q70.dpg.webp\" /><img src=\"//img30.360buyimg.com/popWaterMark/jfs/t1/63219/6/9026/81576/5d6e5c6aEa9c74b49/b4fa364437531012.jpg!q70.dpg.webp\" /><img src=\"//img30.360buyimg.com/popWaterMark/jfs/t1/42146/27/13902/80437/5d6e5c6bE30c31ce9/475d4d54c7334313.jpg!q70.dpg.webp\" /><img src=\"//img30.360buyimg.com/popWaterMark/jfs/t1/45317/28/9596/78175/5d6e5c6bEce31e4b7/5675858b6933565c.jpg!q70.dpg.webp\" /><img src=\"//img30.360buyimg.com/popWaterMark/jfs/t1/60080/1/9112/138722/5d6e5c6bEefd9fc62/7ece7460a36d2fcc.jpg!q70.dpg.webp\" /><img src=\"//img30.360buyimg.com/popWaterMark/jfs/t1/51525/13/9549/36018/5d6e5c73Ebbccae6c/99bc2770dccc042b.jpg!q70.dpg.webp\" /><img src=\"//img30.360buyimg.com/popWaterMark/jfs/t1/61948/20/9088/72918/5d6e5c73Eab7aef5c/6f21e2f85cf478fa.jpg!q70.dpg.webp\" /></p>', '<p style=\"text-align: center;\"><img src=\"//img30.360buyimg.com/popWareDetail/jfs/t1/95935/9/19330/159477/5e9ecc13E5b8db8ae/8e954021a0835fb7.jpg!q70.dpg.webp\" /><img src=\"//img30.360buyimg.com/popWareDetail/jfs/t1/99224/22/19596/137593/5e9ecc13E34ef2113/2b362b90d8378ee1.jpg!q70.dpg.webp\" /><img src=\"//img30.360buyimg.com/popWareDetail/jfs/t1/93131/25/19321/107691/5e9ecc13E41e8addf/202a5f84d9129878.jpg!q70.dpg.webp\" /><img src=\"//img30.360buyimg.com/popWareDetail/jfs/t1/101843/19/19533/66831/5e9ecc13Ecb7f9d53/4fdd807266583c1e.jpg!q70.dpg.webp\" /><img src=\"//img30.360buyimg.com/popWareDetail/jfs/t1/99629/36/19016/59882/5e9ecc13E1f5beef5/1e5af3528f366e70.jpg!q70.dpg.webp\" /><img src=\"//img30.360buyimg.com/popWaterMark/jfs/t1/72343/29/8945/84548/5d6e5c67Ea07b1125/702791816b90eb3d.jpg!q70.dpg.webp\" /><img src=\"//img30.360buyimg.com/popWaterMark/jfs/t1/65403/35/9017/129532/5d6e5c68E3f2d0546/9ec771eb6e04a75a.jpg!q70.dpg.webp\" /><img src=\"//img30.360buyimg.com/popWaterMark/jfs/t1/58261/33/9380/106603/5d6e5c68E05a99177/2b5b9e29eed05b08.jpg!q70.dpg.webp\" /><img src=\"//img30.360buyimg.com/popWaterMark/jfs/t1/51968/40/9688/113552/5d6e5c68E5052b312/8969d83124cb78a4.jpg!q70.dpg.webp\" /><img src=\"//img30.360buyimg.com/popWaterMark/jfs/t1/75491/9/9101/146883/5d6e5c68E3db89775/c1aa57e78ded4e44.jpg!q70.dpg.webp\" /><img src=\"//img30.360buyimg.com/popWaterMark/jfs/t1/75063/11/9107/127874/5d6e5c68E0b1dfc61/10dd6000ce213375.jpg!q70.dpg.webp\" /><img src=\"//img30.360buyimg.com/popWaterMark/jfs/t1/47452/25/9579/108279/5d6e5c68Ea9002f3b/865b5d32ffd9da75.jpg!q70.dpg.webp\" /><img src=\"//img30.360buyimg.com/popWaterMark/jfs/t1/82146/26/9077/87075/5d6e5c68Ef63bccc8/556de5665a35a3f2.jpg!q70.dpg.webp\" /><img src=\"//img30.360buyimg.com/popWaterMark/jfs/t1/82804/21/9019/124404/5d6e5c69E06a8f575/0f861f8c4636c546.jpg!q70.dpg.webp\" /><img src=\"//img30.360buyimg.com/popWaterMark/jfs/t1/46044/10/9734/107686/5d6e5c69Edd5e66c7/a8c7b9324e271dbd.jpg!q70.dpg.webp\" /><img src=\"//img30.360buyimg.com/popWaterMark/jfs/t1/40729/32/13755/45997/5d6e5c69Eafee3664/6a3457a4efdb79c5.jpg!q70.dpg.webp\" /><img src=\"//img30.360buyimg.com/popWaterMark/jfs/t1/76254/34/9039/96195/5d6e5c69E3c71c809/49033c0b7024c208.jpg!q70.dpg.webp\" /><img src=\"//img30.360buyimg.com/popWaterMark/jfs/t1/79825/20/9065/90864/5d6e5c69E1e62ef89/a4d3ce383425a666.jpg!q70.dpg.webp\" /><img src=\"//img30.360buyimg.com/popWaterMark/jfs/t1/49939/21/9618/106207/5d6e5c6aEf7b1d4fd/0f5e963c66be3d0c.jpg!q70.dpg.webp\" /><img src=\"//img30.360buyimg.com/popWaterMark/jfs/t1/64035/7/9001/115159/5d6e5c6aE6919dfdf/39dfe4840157ad81.jpg!q70.dpg.webp\" /><img src=\"//img30.360buyimg.com/popWaterMark/jfs/t1/53389/3/9616/99637/5d6e5c6aEa33b9f35/b8f6aa26e72616a3.jpg!q70.dpg.webp\" /><img src=\"//img30.360buyimg.com/popWaterMark/jfs/t1/63219/6/9026/81576/5d6e5c6aEa9c74b49/b4fa364437531012.jpg!q70.dpg.webp\" /><img src=\"//img30.360buyimg.com/popWaterMark/jfs/t1/42146/27/13902/80437/5d6e5c6bE30c31ce9/475d4d54c7334313.jpg!q70.dpg.webp\" /><img src=\"//img30.360buyimg.com/popWaterMark/jfs/t1/45317/28/9596/78175/5d6e5c6bEce31e4b7/5675858b6933565c.jpg!q70.dpg.webp\" /><img src=\"//img30.360buyimg.com/popWaterMark/jfs/t1/60080/1/9112/138722/5d6e5c6bEefd9fc62/7ece7460a36d2fcc.jpg!q70.dpg.webp\" /><img src=\"//img30.360buyimg.com/popWaterMark/jfs/t1/51525/13/9549/36018/5d6e5c73Ebbccae6c/99bc2770dccc042b.jpg!q70.dpg.webp\" /><img src=\"//img30.360buyimg.com/popWaterMark/jfs/t1/61948/20/9088/72918/5d6e5c73Eab7aef5c/6f21e2f85cf478fa.jpg!q70.dpg.webp\" /></p>', NULL, NULL, 0, 3, '小米', '手机通讯');
INSERT INTO `pms_product` VALUES (28, 6, 19, 0, 3, '小米 红米5A 全网通版 3GB+32GB 香槟金 移动联通电信4G手机 双卡双待', 'http://macro-oss.oss-cn-shenzhen.aliyuncs.com/mall/images/20180615/5a9d248cN071f4959.jpg', '7437789', 0, 1, 1, 1, 0, 0, 98, 649.00, NULL, 649, 649, 0, '8天超长待机，137g轻巧机身，高通骁龙处理器小米6X低至1299，点击抢购', '', 649.00, 100, 0, '', 0.00, 0, '', '', '', '', '', '', '', '<div><img src=\"//img12.360buyimg.com/imgzone/jfs/t1/67362/12/14546/708984/5dc28512Eefdd817d/c82503af0da6c038.gif\" /><img src=\"//img13.360buyimg.com/imgzone/jfs/t1/61488/17/14551/995918/5dc28512E821c228d/41e52005ea5b1f36.gif\" /><img src=\"//img14.360buyimg.com/imgzone/jfs/t1/72961/36/14769/305883/5dc28512E65d77261/3df6be29e3d489d1.gif\" />\n<p>&nbsp;</p>\n</div>', NULL, NULL, 0, 4, '小米', '手机通讯');
INSERT INTO `pms_product` VALUES (29, 51, 19, 0, 3, 'Apple iPhone 8 Plus 64GB 红色特别版 移动联通电信4G手机', 'http://macro-oss.oss-cn-shenzhen.aliyuncs.com/mall/images/20180615/5acc5248N6a5f81cd.jpg', '7437799', 0, 1, 1, 1, 0, 0, 97, 5499.00, 4799.00, 5499, 5499, 0, '【限时限量抢购】Apple产品年中狂欢节，好物尽享，美在智慧！速来 >> 勾选[保障服务][原厂保2年]，获得AppleCare+全方位服务计划，原厂延保售后无忧。', '', 5499.00, 100, 0, '', 0.00, 0, '1,2,3', '', '', '', '', '', '', '<div><img src=\"//img10.360buyimg.com/cms/jfs/t1/20020/38/9725/228440/5c7f9208Eeaf4bf87/13a713066f71791d.jpg!q70.dpg.webp\" /> <img src=\"//img12.360buyimg.com/cms/jfs/t1/12128/39/9607/265349/5c7f9209Ecff29b88/08620ba570705634.jpg!q70.dpg.webp\" /> <img src=\"//img14.360buyimg.com/cms/jfs/t1/22731/40/9578/345163/5c7f9209E9ba056e5/a8a557060b84447e.jpg!q70.dpg.webp\" /> <img src=\"//img14.360buyimg.com/cms/jfs/t1/29506/38/9439/299492/5c7f9209E0e51eb29/15dedd95416f3c68.jpg!q70.dpg.webp\" /> <img src=\"//img14.360buyimg.com/cms/jfs/t1/26766/28/9574/257101/5c7f9209Eaca1b317/c7caa047b1566cf1.jpg!q70.dpg.webp\" /> <img src=\"//img13.360buyimg.com/cms/jfs/t1/11059/8/10473/286531/5c7f9208E05da0120/9034ad8799ad9553.jpg!q70.dpg.webp\" /> <img src=\"//img14.360buyimg.com/cms/jfs/t1/25641/2/9557/268826/5c7f9208Efbf0dc50/399580629e05e733.jpg!q70.dpg.webp\" /> <img src=\"//img13.360buyimg.com/cms/jfs/t1/28964/25/9527/305902/5c7f9208E275ffb9c/8464934d67e69b7a.jpg!q70.dpg.webp\" /></div>', '2020-05-04 15:12:54', '2020-05-30 00:00:00', 0, 1, '苹果', '手机通讯');
INSERT INTO `pms_product` VALUES (30, 50, 8, 0, 1, 'HLA海澜之家简约动物印花短袖T恤', 'http://macro-oss.oss-cn-shenzhen.aliyuncs.com/mall/images/20180615/5ad83a4fN6ff67ecd.jpg!cc_350x449.jpg', 'HNTBJ2E042A', 0, 1, 1, 1, 0, 0, 0, 98.00, NULL, 0, 0, 0, '2018夏季新品微弹舒适新款短T男生 6月6日-6月20日，满300减30，参与互动赢百元礼券，立即分享赢大奖', '', 98.00, 100, 0, '', 0.00, 0, '', '', '', '', '', '', '', '', NULL, NULL, 0, 0, '海澜之家', 'T恤');
INSERT INTO `pms_product` VALUES (31, 50, 8, 0, 1, 'HLA海澜之家蓝灰花纹圆领针织布短袖T恤', 'http://macro-oss.oss-cn-shenzhen.aliyuncs.com/mall/images/20180615/5ac98b64N70acd82f.jpg!cc_350x449.jpg', 'HNTBJ2E080A', 0, 1, 0, 0, 0, 0, 0, 98.00, NULL, 0, 0, 0, '2018夏季新品短袖T恤男HNTBJ2E080A 蓝灰花纹80 175/92A/L80A 蓝灰花纹80 175/92A/L', '', 98.00, 100, 0, '', 0.00, 0, '', '', '', '', '', '', '', '', NULL, NULL, 0, 0, '海澜之家', 'T恤');
INSERT INTO `pms_product` VALUES (32, 50, 8, 0, 1, 'HLA海澜之家短袖T恤男基础款', 'http://macro-oss.oss-cn-shenzhen.aliyuncs.com/mall/images/20180615/5a51eb88Na4797877.jpg', 'HNTBJ2E153A', 0, 1, 0, 0, 0, 0, 0, 68.00, NULL, 0, 0, 0, 'HLA海澜之家短袖T恤男基础款简约圆领HNTBJ2E153A藏青(F3)175/92A(50)', '', 68.00, 100, 0, '', 0.00, 0, '1,2', '', '', '', '', '', '', '', NULL, NULL, 0, 0, '海澜之家', 'T恤');
INSERT INTO `pms_product` VALUES (33, 6, 35, 0, 12, '小米（MI）小米电视4A ', 'http://macro-oss.oss-cn-shenzhen.aliyuncs.com/mall/images/20180615/5b02804dN66004d73.jpg', '4609652', 0, 1, 0, 0, 0, 0, 0, 2499.00, NULL, 0, 0, 0, '小米（MI）小米电视4A 55英寸 L55M5-AZ/L55M5-AD 2GB+8GB HDR 4K超高清 人工智能网络液晶平板电视', '', 2499.00, 100, 0, '', 0.00, 0, '', '', '', '', '', '', '', '', NULL, NULL, 0, 0, '小米', '电视');
INSERT INTO `pms_product` VALUES (34, 6, 35, 0, 12, '小米（MI）小米电视4A 65英寸', 'http://macro-oss.oss-cn-shenzhen.aliyuncs.com/mall/images/20180615/5b028530N51eee7d4.jpg', '4609660', 0, 1, 0, 0, 0, 0, 0, 3999.00, NULL, 0, 0, 0, ' L65M5-AZ/L65M5-AD 2GB+8GB HDR 4K超高清 人工智能网络液晶平板电视', '', 3999.00, 100, 0, '', 0.00, 0, '1,2', '', '', '', '', '', '', '', NULL, NULL, 0, 0, '小米', '电视');
INSERT INTO `pms_product` VALUES (35, 58, 29, 0, 11, '耐克NIKE 男子 休闲鞋 ROSHE RUN 运动鞋 511881-010黑色41码', 'http://macro-oss.oss-cn-shenzhen.aliyuncs.com/mall/images/20180615/5b235bb9Nf606460b.jpg', '6799342', 0, 1, 0, 0, 0, 0, 0, 369.00, NULL, 0, 0, 0, '耐克NIKE 男子 休闲鞋 ROSHE RUN 运动鞋 511881-010黑色41码', '', 369.00, 100, 0, '', 0.00, 0, '', '', '', '', '', '', '', '', NULL, NULL, 0, 0, 'NIKE', '男鞋');
INSERT INTO `pms_product` VALUES (36, 58, 29, 0, 11, '耐克NIKE 男子 气垫 休闲鞋 AIR MAX 90 ESSENTIAL 运动鞋 AJ1285-101白色41码', 'http://macro-oss.oss-cn-shenzhen.aliyuncs.com/mall/images/20180615/5b19403eN9f0b3cb8.jpg', '6799345', 0, 1, 1, 1, 0, 0, 0, 499.00, NULL, 0, 0, 0, '耐克NIKE 男子 气垫 休闲鞋 AIR MAX 90 ESSENTIAL 运动鞋 AJ1285-101白色41码', '', 499.00, 100, 0, '', 0.00, 0, '', '', '', '', '', '', '', '', NULL, NULL, 0, 0, 'NIKE', '男鞋');
INSERT INTO `pms_product` VALUES (37, 51, 19, 0, 3, 'Apple iPhone 14 (A2884) 128GB 支持移动联通电信5G 双卡双待手机', 'http://macro-oss.oss-cn-shenzhen.aliyuncs.com/mall/images/20221028/iphone14_001.jpg', '100038005189', 0, 1, 0, 0, 0, 200, 0, 5999.00, NULL, 0, 0, 0, '【11.11大爱超大爱】指定iPhone14产品限时限量领券立减601元！！！部分iPhone产品现货抢购确认收货即送原厂手机壳10元优惠券！！！猛戳 ', '', 5999.00, 1000, 0, '', 208.00, 0, '1,2,3', '', '', 'http://macro-oss.oss-cn-shenzhen.aliyuncs.com/mall/images/20221028/iphone14_002.jpg,http://macro-oss.oss-cn-shenzhen.aliyuncs.com/mall/images/20221028/iphone14_003.jpg,http://macro-oss.oss-cn-shenzhen.aliyuncs.com/mall/images/20221028/iphone14_004.jpg', '', '', '', '<div style=\"margin: 0 auto;\"><img style=\"max-width: 390px;\" src=\"//img13.360buyimg.com/cms/jfs/t1/58071/39/19839/119559/63190110Edac0cea7/b62a84f1b8775fef.jpg!q70.dpg.webp\" /> <img style=\"max-width: 390px;\" src=\"//img20.360buyimg.com/cms/jfs/t1/138903/36/29400/86115/63190110E0a98c819/d2efbef39eeb2995.jpg!q70.dpg.webp\" /> <img style=\"max-width: 390px;\" src=\"//img30.360buyimg.com/cms/jfs/t1/176347/20/28995/115695/63190110Ef5d766f9/aee3d2d866522f66.jpg!q70.dpg.webp\" /> <img style=\"max-width: 390px;\" src=\"//img14.360buyimg.com/cms/jfs/t1/120515/39/28721/142961/63190110Eec31e31a/3486d6a065a18ddc.jpg!q70.dpg.webp\" /> <img style=\"max-width: 390px;\" src=\"//img13.360buyimg.com/cms/jfs/t1/30161/12/17674/81508/63190110E1385cf61/f05a2a43f4d304ff.jpg!q70.dpg.webp\" /> <img style=\"max-width: 390px;\" src=\"//img14.360buyimg.com/cms/jfs/t1/100037/16/31071/62177/6319010fE871efe01/b01a6f981c268e38.jpg!q70.dpg.webp\" /> <img style=\"max-width: 390px;\" src=\"//img14.360buyimg.com/cms/jfs/t1/90843/33/25852/74752/63190110E373559f4/74b6b52a3fb08c66.jpg!q70.dpg.webp\" /> <img style=\"max-width: 390px;\" src=\"//img14.360buyimg.com/cms/jfs/t1/181914/22/28400/126094/63190110Edefb838c/802a16e758be2b1d.jpg!q70.dpg.webp\" /></div>', NULL, NULL, 0, 0, '苹果', '手机通讯');
INSERT INTO `pms_product` VALUES (38, 51, 53, 0, 3, 'Apple iPad 10.9英寸平板电脑 2022年款', 'http://macro-oss.oss-cn-shenzhen.aliyuncs.com/mall/images/20221028/ipad_001.jpg', '100044025833', 0, 1, 0, 0, 0, 0, 0, 3599.00, NULL, 0, 0, 0, '【11.11大爱超大爱】iPad9代限量抢购，价格优惠，更享以旧换新至高补贴325元！！快来抢购吧！！ ', '', 3599.00, 1000, 0, '', 0.00, 0, '1,2,3', '', '', 'http://macro-oss.oss-cn-shenzhen.aliyuncs.com/mall/images/20221028/ipad_002.jpg', '', '', '', '<div style=\"margin: 0 auto;\"><img style=\"max-width: 390px;\" src=\"//img12.360buyimg.com/cms/jfs/t1/75040/28/21026/295081/634ed154E981e4d10/2ceef91d6f2b2273.jpg!q70.dpg.webp\" /> <img style=\"max-width: 390px;\" src=\"//img13.360buyimg.com/cms/jfs/t1/191028/1/28802/401291/634ed15eEb234dc40/5ab89f83531e1023.jpg!q70.dpg.webp\" /> <img style=\"max-width: 390px;\" src=\"//img14.360buyimg.com/cms/jfs/t1/32758/24/18599/330590/634ed15eEc3db173c/c52953dc8008a576.jpg!q70.dpg.webp\" /></div>', NULL, NULL, 0, 0, '苹果', '平板电脑');
INSERT INTO `pms_product` VALUES (39, 6, 54, 0, 13, '小米 Xiaomi Book Pro 14 2022 锐龙版 2.8K超清大师屏 高端轻薄笔记本电脑', 'http://macro-oss.oss-cn-shenzhen.aliyuncs.com/mall/images/20221028/xiaomi_computer_001.jpg', '100023207945', 0, 1, 0, 1, 0, 0, 0, 5599.00, NULL, 0, 0, 0, '【双十一大促来袭】指定型号至高优惠1000，以旧换新至高补贴1000元，晒单赢好礼', '', 5599.00, 500, 0, '', 0.00, 0, '', '', '', 'http://macro-oss.oss-cn-shenzhen.aliyuncs.com/mall/images/20221028/xiaomi_computer_002.jpg', '', '', '', '<div class=\"ssd-module-mobile-wrap\">\n<div class=\"ssd-module M16667778180631\" data-id=\"M16667778180631\"><img class=\"wscnph\" src=\"http://macro-oss.oss-cn-shenzhen.aliyuncs.com/mall/images/20221028/xiaomi_computer_snipaste_01.png\" /><img class=\"wscnph\" src=\"http://macro-oss.oss-cn-shenzhen.aliyuncs.com/mall/images/20221028/xiaomi_computer_snipaste_02.png\" /><img class=\"wscnph\" src=\"http://macro-oss.oss-cn-shenzhen.aliyuncs.com/mall/images/20221028/xiaomi_computer_snipaste_03.png\" /><img class=\"wscnph\" src=\"http://macro-oss.oss-cn-shenzhen.aliyuncs.com/mall/images/20221028/xiaomi_computer_snipaste_04.png\" /><img class=\"wscnph\" src=\"http://macro-oss.oss-cn-shenzhen.aliyuncs.com/mall/images/20221028/xiaomi_computer_snipaste_05.png\" /><img class=\"wscnph\" src=\"http://macro-oss.oss-cn-shenzhen.aliyuncs.com/mall/images/20221028/xiaomi_computer_snipaste_06.png\" /></div>\n<div class=\"ssd-module M16667778180631\" data-id=\"M16667778180631\">&nbsp;</div>\n<div class=\"ssd-module M16534569204241\" data-id=\"M16534569204241\">&nbsp;</div>\n<div class=\"ssd-module M16667778416884\" data-id=\"M16667778416884\">\n<div class=\"ssd-widget-text W16667778440496\">&nbsp;</div>\n</div>\n<div class=\"ssd-module M165303211067557\" data-id=\"M165303211067557\">&nbsp;</div>\n<div class=\"ssd-module M16530320459861\" data-id=\"M16530320459861\">&nbsp;</div>\n<div class=\"ssd-module M16530320460062\" data-id=\"M16530320460062\">&nbsp;</div>\n<div class=\"ssd-module M16530320460153\" data-id=\"M16530320460153\">&nbsp;</div>\n<div class=\"ssd-module M16530320460366\" data-id=\"M16530320460366\">&nbsp;</div>\n<div class=\"ssd-module M16530320460477\" data-id=\"M16530320460477\">&nbsp;</div>\n<div class=\"ssd-module M16530320460578\" data-id=\"M16530320460578\">&nbsp;</div>\n<div class=\"ssd-module M16530320460699\" data-id=\"M16530320460699\">&nbsp;</div>\n<div class=\"ssd-module M165303204608110\" data-id=\"M165303204608110\">&nbsp;</div>\n<div class=\"ssd-module M165303204609511\" data-id=\"M165303204609511\">&nbsp;</div>\n<div class=\"ssd-module M165303204611213\" data-id=\"M165303204611213\">&nbsp;</div>\n<div class=\"ssd-module M165303204612714\" data-id=\"M165303204612714\">&nbsp;</div>\n<div class=\"ssd-module M165303204614115\" data-id=\"M165303204614115\">&nbsp;</div>\n<div class=\"ssd-module M165303204615516\" data-id=\"M165303204615516\">&nbsp;</div>\n<div class=\"ssd-module M165303204617417\" data-id=\"M165303204617417\">&nbsp;</div>\n<div class=\"ssd-module M165303204618818\" data-id=\"M165303204618818\">&nbsp;</div>\n<div class=\"ssd-module M165303204620219\" data-id=\"M165303204620219\">&nbsp;</div>\n<div class=\"ssd-module M165303204621620\" data-id=\"M165303204621620\">&nbsp;</div>\n<div class=\"ssd-module M165303204622921\" data-id=\"M165303204622921\">&nbsp;</div>\n<div class=\"ssd-module M165303204624522\" data-id=\"M165303204624522\">&nbsp;</div>\n<div class=\"ssd-module M165303204626024\" data-id=\"M165303204626024\">&nbsp;</div>\n<div class=\"ssd-module M165303204627525\" data-id=\"M165303204627525\">&nbsp;</div>\n<div class=\"ssd-module M165303204629127\" data-id=\"M165303204629127\">&nbsp;</div>\n<div class=\"ssd-module M165303204632330\" data-id=\"M165303204632330\">&nbsp;</div>\n<div class=\"ssd-module M165303204634031\" data-id=\"M165303204634031\">&nbsp;</div>\n<div class=\"ssd-module M165303204635832\" data-id=\"M165303204635832\">&nbsp;</div>\n<div class=\"ssd-module M165303204637533\" data-id=\"M165303204637533\">&nbsp;</div>\n<div class=\"ssd-module M165303204639334\" data-id=\"M165303204639334\">&nbsp;</div>\n<div class=\"ssd-module M165303204642235\" data-id=\"M165303204642235\">&nbsp;</div>\n<div class=\"ssd-module M165303204647936\" data-id=\"M165303204647936\">&nbsp;</div>\n<div class=\"ssd-module M165303204651037\" data-id=\"M165303204651037\">&nbsp;</div>\n<div class=\"ssd-module M165303204653838\" data-id=\"M165303204653838\">&nbsp;</div>\n<div class=\"ssd-module M165303204656239\" data-id=\"M165303204656239\">&nbsp;</div>\n<div class=\"ssd-module M165303204659141\" data-id=\"M165303204659141\">&nbsp;</div>\n<div class=\"ssd-module M165303204661943\" data-id=\"M165303204661943\">&nbsp;</div>\n<div class=\"ssd-module M165303204665844\" data-id=\"M165303204665844\">&nbsp;</div>\n<div class=\"ssd-module M165303204668045\" data-id=\"M165303204668045\">&nbsp;</div>\n<div class=\"ssd-module M165303204670146\" data-id=\"M165303204670146\">&nbsp;</div>\n<div class=\"ssd-module M165303204672147\" data-id=\"M165303204672147\">&nbsp;</div>\n<div class=\"ssd-module M165303204674348\" data-id=\"M165303204674348\">&nbsp;</div>\n<div class=\"ssd-module M165303204676749\" data-id=\"M165303204676749\">&nbsp;</div>\n<div class=\"ssd-module M165303204681352\" data-id=\"M165303204681352\">&nbsp;</div>\n<div class=\"ssd-module M165303204683553\" data-id=\"M165303204683553\">&nbsp;</div>\n<div class=\"ssd-module M165303204685855\" data-id=\"M165303204685855\">&nbsp;</div>\n<div class=\"ssd-module M165303204688356\" data-id=\"M165303204688356\">&nbsp;</div>\n</div>', NULL, NULL, 0, 0, '小米', '笔记本');
INSERT INTO `pms_product` VALUES (40, 6, 19, 0, 3, '小米12 Pro 天玑版 天玑9000+处理器 5000万疾速影像 2K超视感屏 120Hz高刷 67W快充', 'http://macro-oss.oss-cn-shenzhen.aliyuncs.com/mall/images/20221104/xiaomi_12_pro_01.jpg', '100027789721', 0, 1, 0, 1, 0, 0, 0, 2999.00, NULL, 0, 0, 0, '天玑9000+处理器、5160mAh大电量、2KAmoled超视感屏【点击购买小米11Ultra，戳】 ', '', 2999.00, 500, 0, '', 0.00, 0, '', '', '', 'http://macro-oss.oss-cn-shenzhen.aliyuncs.com/mall/images/20221104/xiaomi_12_pro_02.jpg', '', '', '', '<p><img class=\"wscnph\" src=\"http://macro-oss.oss-cn-shenzhen.aliyuncs.com/mall/images/20221104/xiaomi_12_pro_snipaste_01.png\" /><img class=\"wscnph\" src=\"http://macro-oss.oss-cn-shenzhen.aliyuncs.com/mall/images/20221104/xiaomi_12_pro_snipaste_02.png\" /><img class=\"wscnph\" src=\"http://macro-oss.oss-cn-shenzhen.aliyuncs.com/mall/images/20221104/xiaomi_12_pro_snipaste_03.png\" /><img class=\"wscnph\" src=\"http://macro-oss.oss-cn-shenzhen.aliyuncs.com/mall/images/20221104/xiaomi_12_pro_snipaste_04.png\" /><img class=\"wscnph\" src=\"http://macro-oss.oss-cn-shenzhen.aliyuncs.com/mall/images/20221104/xiaomi_12_pro_snipaste_05.png\" /></p>', NULL, NULL, 0, 4, '小米', '手机通讯');
INSERT INTO `pms_product` VALUES (41, 6, 19, 0, 3, 'Redmi K50 天玑8100 2K柔性直屏 OIS光学防抖 67W快充 5500mAh大电量', 'http://macro-oss.oss-cn-shenzhen.aliyuncs.com/mall/images/20221104/redmi_k50_01.jpg', '100035246702', 0, 1, 0, 0, 0, 0, 0, 2099.00, NULL, 0, 0, 0, '【品质好物】天玑8100，2K直屏，5500mAh大电量【Note12Pro火热抢购中】 ', '', 2099.00, 1000, 0, '', 0.00, 0, '', '', '', 'http://macro-oss.oss-cn-shenzhen.aliyuncs.com/mall/images/20221104/redmi_k50_02.jpg', '', '', '', '<p><img class=\"wscnph\" src=\"http://macro-oss.oss-cn-shenzhen.aliyuncs.com/mall/images/20221104/redmi_k50_snipaste_01.png\" /><img class=\"wscnph\" src=\"http://macro-oss.oss-cn-shenzhen.aliyuncs.com/mall/images/20221104/redmi_k50_snipaste_02.png\" /><img class=\"wscnph\" src=\"http://macro-oss.oss-cn-shenzhen.aliyuncs.com/mall/images/20221104/redmi_k50_snipaste_03.png\" /><img class=\"wscnph\" src=\"http://macro-oss.oss-cn-shenzhen.aliyuncs.com/mall/images/20221104/redmi_k50_snipaste_04.png\" /><img class=\"wscnph\" src=\"http://macro-oss.oss-cn-shenzhen.aliyuncs.com/mall/images/20221104/redmi_k50_snipaste_05.png\" /></p>', NULL, NULL, 0, 0, '小米', '手机通讯');
INSERT INTO `pms_product` VALUES (42, 3, 19, 0, 3, 'HUAWEI Mate 50 直屏旗舰 超光变XMAGE影像 北斗卫星消息', 'http://macro-oss.oss-cn-shenzhen.aliyuncs.com/mall/images/20221104/huawei_mate50_01.jpg', '100035295081', 0, 1, 0, 0, 0, 0, 0, 4999.00, NULL, 0, 0, 0, '【华为Mate50新品上市】内置66W华为充电套装，超光变XMAGE影像,北斗卫星消息，鸿蒙操作系统3.0！立即抢购！华为新品可持续计划，猛戳》 ', '', 4999.00, 1000, 0, '', 0.00, 0, '', '', '', 'http://macro-oss.oss-cn-shenzhen.aliyuncs.com/mall/images/20221104/huawei_mate50_02.jpg', '', '', '', '<p><img class=\"wscnph\" src=\"http://macro-oss.oss-cn-shenzhen.aliyuncs.com/mall/images/20221104/huawei_mate50_snipaste_01.png\" /><img class=\"wscnph\" src=\"http://macro-oss.oss-cn-shenzhen.aliyuncs.com/mall/images/20221104/huawei_mate50_snipaste_02.png\" /><img class=\"wscnph\" src=\"http://macro-oss.oss-cn-shenzhen.aliyuncs.com/mall/images/20221104/huawei_mate50_snipaste_03.png\" /><img class=\"wscnph\" src=\"http://macro-oss.oss-cn-shenzhen.aliyuncs.com/mall/images/20221104/huawei_mate50_snipaste_04.png\" /><img class=\"wscnph\" src=\"http://macro-oss.oss-cn-shenzhen.aliyuncs.com/mall/images/20221104/huawei_mate50_snipaste_05.png\" /></p>', NULL, NULL, 0, 0, '华为', '手机通讯');
INSERT INTO `pms_product` VALUES (43, 1, 39, 0, 14, '万和（Vanward)燃气热水器天然气家用四重防冻直流变频节能全新升级增压水伺服恒温高抗风', 'http://macro-oss.oss-cn-shenzhen.aliyuncs.com/mall/images/20221104/wanhe_13L_01.png', '10044060351752', 0, 1, 0, 0, 0, 0, 0, 1799.00, NULL, 0, 0, 0, '【家电11.11享低价，抢到手价不高于1199】【发布种草秀享好礼！同价11.11买贵补差】爆款超一级能效零冷水】 ', '', 1799.00, 1000, 0, '', 0.00, 0, '', '', '', 'http://macro-oss.oss-cn-shenzhen.aliyuncs.com/mall/images/20221104/wanhe_16L_01.jpg', '', '', '', '<p><img class=\"wscnph\" src=\"http://macro-oss.oss-cn-shenzhen.aliyuncs.com/mall/images/20221104/wanhe_water_snipaste_01.png\" /><img class=\"wscnph\" src=\"http://macro-oss.oss-cn-shenzhen.aliyuncs.com/mall/images/20221104/wanhe_water_snipaste_02.png\" /><img class=\"wscnph\" src=\"http://macro-oss.oss-cn-shenzhen.aliyuncs.com/mall/images/20221104/wanhe_water_snipaste_03.png\" /><img class=\"wscnph\" src=\"http://macro-oss.oss-cn-shenzhen.aliyuncs.com/mall/images/20221104/wanhe_water_snipaste_04.png\" /><img class=\"wscnph\" src=\"http://macro-oss.oss-cn-shenzhen.aliyuncs.com/mall/images/20221104/wanhe_water_snipaste_05.png\" /></p>', NULL, NULL, 0, 0, '万和', '厨卫大电');
INSERT INTO `pms_product` VALUES (44, 2, 55, 0, 15, '三星（SAMSUNG）500GB SSD固态硬盘 M.2接口(NVMe协议)', 'http://macro-oss.oss-cn-shenzhen.aliyuncs.com/mall/images/20221108/sanxing_ssd_02.jpg', '100018768480', 0, 1, 0, 0, 0, 0, 0, 369.00, NULL, 0, 0, 0, '【满血无缓存！进店抽百元E卡，部分型号白条三期免息】兼具速度与可靠性！读速高达3500MB/s，全功率模式！点击 ', '', 369.00, 1000, 0, '', 0.00, 0, '', '', '', 'http://macro-oss.oss-cn-shenzhen.aliyuncs.com/mall/images/20221108/sanxing_ssd_01.jpg', '', '', '', '<p><img class=\"wscnph\" src=\"http://macro-oss.oss-cn-shenzhen.aliyuncs.com/mall/images/20221108/sanxing_ssd_snipaste_01.png\" /><img class=\"wscnph\" src=\"http://macro-oss.oss-cn-shenzhen.aliyuncs.com/mall/images/20221108/sanxing_ssd_snipaste_02.png\" /><img class=\"wscnph\" src=\"http://macro-oss.oss-cn-shenzhen.aliyuncs.com/mall/images/20221108/sanxing_ssd_snipaste_03.png\" /></p>', NULL, NULL, 0, 0, '三星', '硬盘');
INSERT INTO `pms_product` VALUES (45, 21, 19, 0, 3, 'OPPO Reno8 8GB+128GB 鸢尾紫 新配色上市 80W超级闪充 5000万水光人像三摄', 'http://macro-oss.oss-cn-shenzhen.aliyuncs.com/mall/images/20221108/oppo_r8_01.jpg', '10052147850350', 0, 1, 0, 0, 0, 0, 0, 2299.00, 999.00, 0, 0, 0, '【11.11提前购机享价保，好货不用等，系统申请一键价保补差!】【Reno8Pro爆款优惠】 ', '', 2299.00, 1000, 0, '', 0.00, 0, '', '', '', 'http://macro-oss.oss-cn-shenzhen.aliyuncs.com/mall/images/20221108/oppo_r8_02.jpg', '', '', '', '<p><img class=\"wscnph\" src=\"http://macro-oss.oss-cn-shenzhen.aliyuncs.com/mall/images/20221108/oppo_r8_snipaste_01.png\" /><img class=\"wscnph\" src=\"http://macro-oss.oss-cn-shenzhen.aliyuncs.com/mall/images/20221108/oppo_r8_snipaste_02.png\" /><img class=\"wscnph\" src=\"http://macro-oss.oss-cn-shenzhen.aliyuncs.com/mall/images/20221108/oppo_r8_snipaste_03.png\" /><img class=\"wscnph\" src=\"http://macro-oss.oss-cn-shenzhen.aliyuncs.com/mall/images/20221108/oppo_r8_snipaste_04.png\" /><img class=\"wscnph\" src=\"http://macro-oss.oss-cn-shenzhen.aliyuncs.com/mall/images/20221108/oppo_r8_snipaste_05.png\" /></p>', '2022-11-09 16:15:50', '2022-11-25 00:00:00', 0, 4, 'OPPO', '手机通讯');

-- ----------------------------
-- Table structure for pms_product_attribute
-- ----------------------------
DROP TABLE IF EXISTS `pms_product_attribute`;
CREATE TABLE `pms_product_attribute`  (
  `id` bigint(20) NOT NULL AUTO_INCREMENT,
  `product_attribute_category_id` bigint(20) NULL DEFAULT NULL,
  `name` varchar(64) CHARACTER SET utf8 COLLATE utf8_general_ci NULL DEFAULT NULL,
  `select_type` int(1) NULL DEFAULT NULL COMMENT '属性选择类型：0->唯一；1->单选；2->多选',
  `input_type` int(1) NULL DEFAULT NULL COMMENT '属性录入方式：0->手工录入；1->从列表中选取',
  `input_list` varchar(255) CHARACTER SET utf8 COLLATE utf8_general_ci NULL DEFAULT NULL COMMENT '可选值列表，以逗号隔开',
  `sort` int(11) NULL DEFAULT NULL COMMENT '排序字段：最高的可以单独上传图片',
  `filter_type` int(1) NULL DEFAULT NULL COMMENT '分类筛选样式：1->普通；1->颜色',
  `search_type` int(1) NULL DEFAULT NULL COMMENT '检索类型；0->不需要进行检索；1->关键字检索；2->范围检索',
  `related_status` int(1) NULL DEFAULT NULL COMMENT '相同属性产品是否关联；0->不关联；1->关联',
  `hand_add_status` int(1) NULL DEFAULT NULL COMMENT '是否支持手动新增；0->不支持；1->支持',
  `type` int(1) NULL DEFAULT NULL COMMENT '属性的类型；0->规格；1->参数',
  PRIMARY KEY (`id`) USING BTREE
) ENGINE = InnoDB AUTO_INCREMENT = 74 CHARACTER SET = utf8 COLLATE = utf8_general_ci COMMENT = '商品属性参数表' ROW_FORMAT = DYNAMIC;

-- ----------------------------
-- Records of pms_product_attribute
-- ----------------------------
INSERT INTO `pms_product_attribute` VALUES (1, 1, '尺寸', 2, 1, 'M,X,XL,2XL,3XL,4XL', 0, 0, 0, 0, 0, 0);
INSERT INTO `pms_product_attribute` VALUES (7, 1, '颜色', 2, 1, '黑色,红色,白色,粉色', 100, 0, 0, 0, 1, 0);
INSERT INTO `pms_product_attribute` VALUES (13, 0, '上市年份', 1, 1, '2013年,2014年,2015年,2016年,2017年', 0, 0, 0, 0, 0, 1);
INSERT INTO `pms_product_attribute` VALUES (14, 0, '上市年份1', 1, 1, '2013年,2014年,2015年,2016年,2017年', 0, 0, 0, 0, 0, 1);
INSERT INTO `pms_product_attribute` VALUES (15, 0, '上市年份2', 1, 1, '2013年,2014年,2015年,2016年,2017年', 0, 0, 0, 0, 0, 1);
INSERT INTO `pms_product_attribute` VALUES (16, 0, '上市年份3', 1, 1, '2013年,2014年,2015年,2016年,2017年', 0, 0, 0, 0, 0, 1);
INSERT INTO `pms_product_attribute` VALUES (17, 0, '上市年份4', 1, 1, '2013年,2014年,2015年,2016年,2017年', 0, 0, 0, 0, 0, 1);
INSERT INTO `pms_product_attribute` VALUES (18, 0, '上市年份5', 1, 1, '2013年,2014年,2015年,2016年,2017年', 0, 0, 0, 0, 0, 1);
INSERT INTO `pms_product_attribute` VALUES (19, 0, '适用对象', 1, 1, '青年女性,中年女性', 0, 0, 0, 0, 0, 1);
INSERT INTO `pms_product_attribute` VALUES (20, 0, '适用对象1', 2, 1, '青年女性,中年女性', 0, 0, 0, 0, 0, 1);
INSERT INTO `pms_product_attribute` VALUES (21, 0, '适用对象3', 2, 1, '青年女性,中年女性', 0, 0, 0, 0, 0, 1);
INSERT INTO `pms_product_attribute` VALUES (24, 1, '商品编号', 1, 0, '', 0, 0, 0, 0, 0, 1);
INSERT INTO `pms_product_attribute` VALUES (25, 1, '适用季节', 1, 1, '春季,夏季,秋季,冬季', 0, 0, 0, 0, 0, 1);
INSERT INTO `pms_product_attribute` VALUES (32, 2, '适用人群', 0, 1, '老年,青年,中年', 0, 0, 0, 0, 0, 1);
INSERT INTO `pms_product_attribute` VALUES (33, 2, '风格', 0, 1, '嘻哈风格,基础大众,商务正装', 0, 0, 0, 0, 0, 1);
INSERT INTO `pms_product_attribute` VALUES (35, 2, '颜色', 0, 0, '', 100, 0, 0, 0, 1, 0);
INSERT INTO `pms_product_attribute` VALUES (37, 1, '适用人群', 1, 1, '儿童,青年,中年,老年', 0, 0, 0, 0, 0, 1);
INSERT INTO `pms_product_attribute` VALUES (38, 1, '上市时间', 1, 1, '2017年秋,2017年冬,2018年春,2018年夏', 0, 0, 0, 0, 0, 1);
INSERT INTO `pms_product_attribute` VALUES (39, 1, '袖长', 1, 1, '短袖,长袖,中袖', 0, 0, 0, 0, 0, 1);
INSERT INTO `pms_product_attribute` VALUES (40, 2, '尺码', 0, 1, '29,30,31,32,33,34', 0, 0, 0, 0, 0, 0);
INSERT INTO `pms_product_attribute` VALUES (41, 2, '适用场景', 0, 1, '居家,运动,正装', 0, 0, 0, 0, 0, 1);
INSERT INTO `pms_product_attribute` VALUES (42, 2, '上市时间', 0, 1, '2018年春,2018年夏', 0, 0, 0, 0, 0, 1);
INSERT INTO `pms_product_attribute` VALUES (43, 3, '颜色', 0, 0, '', 100, 0, 0, 0, 1, 0);
INSERT INTO `pms_product_attribute` VALUES (44, 3, '容量', 0, 1, '16G,32G,64G,128G,256G,512G', 0, 0, 0, 0, 0, 0);
INSERT INTO `pms_product_attribute` VALUES (45, 3, '屏幕尺寸', 0, 0, '', 0, 0, 0, 0, 0, 1);
INSERT INTO `pms_product_attribute` VALUES (46, 3, '网络', 0, 1, '3G,4G,5G,WLAN', 0, 0, 0, 0, 0, 1);
INSERT INTO `pms_product_attribute` VALUES (47, 3, '系统', 0, 1, 'Android,IOS', 0, 0, 0, 0, 0, 1);
INSERT INTO `pms_product_attribute` VALUES (48, 3, '电池容量', 0, 0, '', 0, 0, 0, 0, 0, 1);
INSERT INTO `pms_product_attribute` VALUES (49, 11, '颜色', 0, 1, '红色,蓝色,绿色', 0, 1, 0, 0, 0, 0);
INSERT INTO `pms_product_attribute` VALUES (50, 11, '尺寸', 0, 1, '38,39,40', 0, 0, 0, 0, 0, 0);
INSERT INTO `pms_product_attribute` VALUES (51, 11, '风格', 0, 1, '夏季,秋季', 0, 0, 0, 0, 0, 0);
INSERT INTO `pms_product_attribute` VALUES (52, 12, '尺寸', 0, 1, '50英寸,65英寸,70英寸', 0, 0, 0, 0, 0, 0);
INSERT INTO `pms_product_attribute` VALUES (53, 12, '内存', 0, 1, '8G,16G,32G', 0, 0, 0, 0, 0, 0);
INSERT INTO `pms_product_attribute` VALUES (54, 12, '商品编号', 0, 0, '', 0, 0, 0, 0, 0, 1);
INSERT INTO `pms_product_attribute` VALUES (55, 12, '商品毛重', 0, 0, '', 0, 0, 0, 0, 0, 1);
INSERT INTO `pms_product_attribute` VALUES (56, 12, '商品产地', 0, 1, '中国大陆,其他', 0, 0, 0, 0, 0, 1);
INSERT INTO `pms_product_attribute` VALUES (57, 12, '电视类型', 0, 1, '大屏,教育电视,4K超清', 0, 0, 0, 0, 0, 1);
INSERT INTO `pms_product_attribute` VALUES (58, 13, '颜色', 0, 0, '', 0, 0, 0, 0, 1, 0);
INSERT INTO `pms_product_attribute` VALUES (59, 13, '版本', 0, 1, 'R7 16G 512,R5 16G 512,I5 16G 512,I7 16G 512', 0, 0, 0, 0, 0, 0);
INSERT INTO `pms_product_attribute` VALUES (60, 13, '屏幕尺寸', 0, 0, '', 0, 0, 0, 0, 0, 1);
INSERT INTO `pms_product_attribute` VALUES (61, 13, '屏幕分辨率', 0, 0, '', 0, 0, 0, 0, 0, 1);
INSERT INTO `pms_product_attribute` VALUES (62, 13, 'CPU型号', 0, 0, '', 0, 0, 0, 0, 0, 1);
INSERT INTO `pms_product_attribute` VALUES (63, 14, '系列', 0, 0, '', 0, 0, 0, 0, 1, 0);
INSERT INTO `pms_product_attribute` VALUES (64, 14, '上市时间', 0, 0, '', 0, 0, 0, 0, 0, 1);
INSERT INTO `pms_product_attribute` VALUES (65, 14, '毛重', 0, 0, '', 0, 0, 0, 0, 0, 1);
INSERT INTO `pms_product_attribute` VALUES (66, 14, '额定功率', 0, 0, '', 0, 0, 0, 0, 0, 1);
INSERT INTO `pms_product_attribute` VALUES (67, 15, '颜色', 0, 0, '', 0, 0, 0, 0, 1, 0);
INSERT INTO `pms_product_attribute` VALUES (68, 15, '版本', 0, 1, '512GB,1TB', 0, 0, 0, 0, 0, 0);
INSERT INTO `pms_product_attribute` VALUES (69, 15, '系列', 0, 0, '', 0, 0, 0, 0, 0, 1);
INSERT INTO `pms_product_attribute` VALUES (70, 15, '型号', 0, 0, '', 0, 0, 0, 0, 0, 1);
INSERT INTO `pms_product_attribute` VALUES (71, 15, '闪存类型', 0, 0, '', 0, 0, 0, 0, 0, 1);
INSERT INTO `pms_product_attribute` VALUES (72, 15, '顺序读速', 0, 0, '', 0, 0, 0, 0, 0, 1);
INSERT INTO `pms_product_attribute` VALUES (73, 15, '顺序写入', 0, 0, '', 0, 0, 0, 0, 0, 1);

-- ----------------------------
-- Table structure for pms_product_attribute_value
-- ----------------------------
DROP TABLE IF EXISTS `pms_product_attribute_value`;
CREATE TABLE `pms_product_attribute_value`  (
  `id` bigint(20) NOT NULL AUTO_INCREMENT,
  `product_id` bigint(20) NULL DEFAULT NULL,
  `product_attribute_id` bigint(20) NULL DEFAULT NULL,
  `value` varchar(64) CHARACTER SET utf8 COLLATE utf8_general_ci NULL DEFAULT NULL COMMENT '手动添加规格或参数的值，参数单值，规格有多个时以逗号隔开',
  PRIMARY KEY (`id`) USING BTREE
) ENGINE = InnoDB AUTO_INCREMENT = 517 CHARACTER SET = utf8 COLLATE = utf8_general_ci COMMENT = '存储产品参数信息的表' ROW_FORMAT = DYNAMIC;

-- ----------------------------
-- Records of pms_product_attribute_value
-- ----------------------------
INSERT INTO `pms_product_attribute_value` VALUES (1, 9, 1, 'X');
INSERT INTO `pms_product_attribute_value` VALUES (2, 10, 1, 'X');
INSERT INTO `pms_product_attribute_value` VALUES (3, 11, 1, 'X');
INSERT INTO `pms_product_attribute_value` VALUES (4, 12, 1, 'X');
INSERT INTO `pms_product_attribute_value` VALUES (5, 13, 1, 'X');
INSERT INTO `pms_product_attribute_value` VALUES (6, 14, 1, 'X');
INSERT INTO `pms_product_attribute_value` VALUES (7, 18, 1, 'X');
INSERT INTO `pms_product_attribute_value` VALUES (8, 7, 1, 'X');
INSERT INTO `pms_product_attribute_value` VALUES (9, 7, 1, 'XL');
INSERT INTO `pms_product_attribute_value` VALUES (10, 7, 1, 'XXL');
INSERT INTO `pms_product_attribute_value` VALUES (11, 22, 7, 'x,xx');
INSERT INTO `pms_product_attribute_value` VALUES (12, 22, 24, 'no110');
INSERT INTO `pms_product_attribute_value` VALUES (13, 22, 25, '春季');
INSERT INTO `pms_product_attribute_value` VALUES (14, 22, 37, '青年');
INSERT INTO `pms_product_attribute_value` VALUES (15, 22, 38, '2018年春');
INSERT INTO `pms_product_attribute_value` VALUES (16, 22, 39, '长袖');
INSERT INTO `pms_product_attribute_value` VALUES (124, 23, 7, '米白色,浅黄色');
INSERT INTO `pms_product_attribute_value` VALUES (125, 23, 24, 'no1098');
INSERT INTO `pms_product_attribute_value` VALUES (126, 23, 25, '春季');
INSERT INTO `pms_product_attribute_value` VALUES (127, 23, 37, '青年');
INSERT INTO `pms_product_attribute_value` VALUES (128, 23, 38, '2018年春');
INSERT INTO `pms_product_attribute_value` VALUES (129, 23, 39, '长袖');
INSERT INTO `pms_product_attribute_value` VALUES (130, 1, 13, NULL);
INSERT INTO `pms_product_attribute_value` VALUES (131, 1, 14, NULL);
INSERT INTO `pms_product_attribute_value` VALUES (132, 1, 15, NULL);
INSERT INTO `pms_product_attribute_value` VALUES (133, 1, 16, NULL);
INSERT INTO `pms_product_attribute_value` VALUES (134, 1, 17, NULL);
INSERT INTO `pms_product_attribute_value` VALUES (135, 1, 18, NULL);
INSERT INTO `pms_product_attribute_value` VALUES (136, 1, 19, NULL);
INSERT INTO `pms_product_attribute_value` VALUES (137, 1, 20, NULL);
INSERT INTO `pms_product_attribute_value` VALUES (138, 1, 21, NULL);
INSERT INTO `pms_product_attribute_value` VALUES (139, 2, 13, NULL);
INSERT INTO `pms_product_attribute_value` VALUES (140, 2, 14, NULL);
INSERT INTO `pms_product_attribute_value` VALUES (141, 2, 15, NULL);
INSERT INTO `pms_product_attribute_value` VALUES (142, 2, 16, NULL);
INSERT INTO `pms_product_attribute_value` VALUES (143, 2, 17, NULL);
INSERT INTO `pms_product_attribute_value` VALUES (144, 2, 18, NULL);
INSERT INTO `pms_product_attribute_value` VALUES (145, 2, 19, NULL);
INSERT INTO `pms_product_attribute_value` VALUES (146, 2, 20, NULL);
INSERT INTO `pms_product_attribute_value` VALUES (147, 2, 21, NULL);
INSERT INTO `pms_product_attribute_value` VALUES (243, 30, 7, '蓝色,白色');
INSERT INTO `pms_product_attribute_value` VALUES (244, 30, 24, 'HNTBJ2E042A');
INSERT INTO `pms_product_attribute_value` VALUES (245, 30, 25, '夏季');
INSERT INTO `pms_product_attribute_value` VALUES (246, 30, 37, '青年');
INSERT INTO `pms_product_attribute_value` VALUES (247, 30, 38, '2018年夏');
INSERT INTO `pms_product_attribute_value` VALUES (248, 30, 39, '短袖');
INSERT INTO `pms_product_attribute_value` VALUES (249, 31, 7, '浅灰色,深灰色');
INSERT INTO `pms_product_attribute_value` VALUES (250, 31, 24, 'HNTBJ2E080A');
INSERT INTO `pms_product_attribute_value` VALUES (251, 31, 25, '夏季');
INSERT INTO `pms_product_attribute_value` VALUES (252, 31, 37, '青年');
INSERT INTO `pms_product_attribute_value` VALUES (253, 31, 38, '2018年夏');
INSERT INTO `pms_product_attribute_value` VALUES (254, 31, 39, '短袖');
INSERT INTO `pms_product_attribute_value` VALUES (255, 32, 7, '黑色,白色');
INSERT INTO `pms_product_attribute_value` VALUES (256, 32, 24, 'HNTBJ2E153A');
INSERT INTO `pms_product_attribute_value` VALUES (257, 32, 25, '夏季');
INSERT INTO `pms_product_attribute_value` VALUES (258, 32, 37, '青年');
INSERT INTO `pms_product_attribute_value` VALUES (259, 32, 38, '2018年夏');
INSERT INTO `pms_product_attribute_value` VALUES (260, 32, 39, '短袖');
INSERT INTO `pms_product_attribute_value` VALUES (265, 33, 54, '4609652');
INSERT INTO `pms_product_attribute_value` VALUES (266, 33, 55, '28.6kg');
INSERT INTO `pms_product_attribute_value` VALUES (267, 33, 56, '中国大陆');
INSERT INTO `pms_product_attribute_value` VALUES (268, 33, 57, '大屏');
INSERT INTO `pms_product_attribute_value` VALUES (269, 34, 54, '4609660');
INSERT INTO `pms_product_attribute_value` VALUES (270, 34, 55, '30.8kg');
INSERT INTO `pms_product_attribute_value` VALUES (271, 34, 56, '中国大陆');
INSERT INTO `pms_product_attribute_value` VALUES (272, 34, 57, '4K超清');
INSERT INTO `pms_product_attribute_value` VALUES (288, 27, 43, '黑色,蓝色');
INSERT INTO `pms_product_attribute_value` VALUES (289, 27, 45, '5.8');
INSERT INTO `pms_product_attribute_value` VALUES (290, 27, 46, '4G');
INSERT INTO `pms_product_attribute_value` VALUES (291, 27, 47, 'Android');
INSERT INTO `pms_product_attribute_value` VALUES (292, 27, 48, '3000ml');
INSERT INTO `pms_product_attribute_value` VALUES (303, 28, 43, '金色,银色');
INSERT INTO `pms_product_attribute_value` VALUES (304, 28, 45, '5.0');
INSERT INTO `pms_product_attribute_value` VALUES (305, 28, 46, '4G');
INSERT INTO `pms_product_attribute_value` VALUES (306, 28, 47, 'Android');
INSERT INTO `pms_product_attribute_value` VALUES (307, 28, 48, '2800ml');
INSERT INTO `pms_product_attribute_value` VALUES (308, 29, 43, '金色,银色');
INSERT INTO `pms_product_attribute_value` VALUES (309, 29, 45, '4.7');
INSERT INTO `pms_product_attribute_value` VALUES (310, 29, 46, '4G');
INSERT INTO `pms_product_attribute_value` VALUES (311, 29, 47, 'IOS');
INSERT INTO `pms_product_attribute_value` VALUES (312, 29, 48, '1960ml');
INSERT INTO `pms_product_attribute_value` VALUES (338, 37, 43, '午夜色,星光色,紫色,蓝色');
INSERT INTO `pms_product_attribute_value` VALUES (339, 37, 45, '6.1英寸');
INSERT INTO `pms_product_attribute_value` VALUES (340, 37, 46, '5G');
INSERT INTO `pms_product_attribute_value` VALUES (341, 37, 47, 'IOS');
INSERT INTO `pms_product_attribute_value` VALUES (342, 37, 48, '3000毫安');
INSERT INTO `pms_product_attribute_value` VALUES (443, 38, 43, '银色,蓝色');
INSERT INTO `pms_product_attribute_value` VALUES (444, 38, 45, '10.9英寸');
INSERT INTO `pms_product_attribute_value` VALUES (445, 38, 46, 'WLAN');
INSERT INTO `pms_product_attribute_value` VALUES (446, 38, 47, 'IOS');
INSERT INTO `pms_product_attribute_value` VALUES (447, 38, 48, '6000毫安');
INSERT INTO `pms_product_attribute_value` VALUES (448, 39, 58, '新小米Pro 14英寸 2.8K屏,新Redmi Pro 15英寸 3.2K屏');
INSERT INTO `pms_product_attribute_value` VALUES (449, 39, 60, '15.6英寸');
INSERT INTO `pms_product_attribute_value` VALUES (450, 39, 61, '3200*2000');
INSERT INTO `pms_product_attribute_value` VALUES (451, 39, 62, 'R5 6600H');
INSERT INTO `pms_product_attribute_value` VALUES (452, 41, 43, '墨羽,银迹');
INSERT INTO `pms_product_attribute_value` VALUES (453, 41, 45, '6.67英寸');
INSERT INTO `pms_product_attribute_value` VALUES (454, 41, 46, '5G');
INSERT INTO `pms_product_attribute_value` VALUES (455, 41, 47, 'Android');
INSERT INTO `pms_product_attribute_value` VALUES (456, 41, 48, '5500mAh');
INSERT INTO `pms_product_attribute_value` VALUES (457, 42, 43, '曜金黑,冰霜银');
INSERT INTO `pms_product_attribute_value` VALUES (458, 42, 45, '6.7英寸');
INSERT INTO `pms_product_attribute_value` VALUES (459, 42, 46, '5G');
INSERT INTO `pms_product_attribute_value` VALUES (460, 42, 47, 'Android');
INSERT INTO `pms_product_attribute_value` VALUES (461, 42, 48, '4460mAh');
INSERT INTO `pms_product_attribute_value` VALUES (462, 43, 63, 'JSQ25-565W13【13升】【恒温旗舰款】,JSQ30-565W16【16升】【恒温旗舰款】');
INSERT INTO `pms_product_attribute_value` VALUES (463, 43, 64, '2021-05');
INSERT INTO `pms_product_attribute_value` VALUES (464, 43, 65, '15.5kg');
INSERT INTO `pms_product_attribute_value` VALUES (465, 43, 66, '30w');
INSERT INTO `pms_product_attribute_value` VALUES (466, 44, 67, '新品980｜NVMe PCIe3.0*4,980 PRO｜NVMe PCIe 4.0');
INSERT INTO `pms_product_attribute_value` VALUES (467, 44, 69, '980');
INSERT INTO `pms_product_attribute_value` VALUES (468, 44, 70, 'MZ-V8V500BW');
INSERT INTO `pms_product_attribute_value` VALUES (469, 44, 71, 'TLC');
INSERT INTO `pms_product_attribute_value` VALUES (470, 44, 72, '3100MB/s');
INSERT INTO `pms_product_attribute_value` VALUES (471, 44, 73, '2600MB/s');
INSERT INTO `pms_product_attribute_value` VALUES (472, 45, 43, '鸢尾紫,晴空蓝');
INSERT INTO `pms_product_attribute_value` VALUES (473, 45, 45, '6.43英寸');
INSERT INTO `pms_product_attribute_value` VALUES (474, 45, 46, '5G');
INSERT INTO `pms_product_attribute_value` VALUES (475, 45, 47, 'Android');
INSERT INTO `pms_product_attribute_value` VALUES (476, 45, 48, '4500mAh');
INSERT INTO `pms_product_attribute_value` VALUES (477, 40, 43, '黑色,蓝色');
INSERT INTO `pms_product_attribute_value` VALUES (478, 40, 45, '6.73英寸');
INSERT INTO `pms_product_attribute_value` VALUES (479, 40, 46, '5G');
INSERT INTO `pms_product_attribute_value` VALUES (480, 40, 47, 'Android');
INSERT INTO `pms_product_attribute_value` VALUES (481, 40, 48, '5160mAh');
INSERT INTO `pms_product_attribute_value` VALUES (512, 26, 43, '金色,银色');
INSERT INTO `pms_product_attribute_value` VALUES (513, 26, 45, '5.0');
INSERT INTO `pms_product_attribute_value` VALUES (514, 26, 46, '4G');
INSERT INTO `pms_product_attribute_value` VALUES (515, 26, 47, 'Android');
INSERT INTO `pms_product_attribute_value` VALUES (516, 26, 48, '3000');

SET FOREIGN_KEY_CHECKS = 1;
